bioproject	run	biosample	organism	library_strategy	library_strategy_as_deposited	label_corrected	correction_basis	library_source	layout	platform	read_pairs	bases	gb	dose_arm	sex	replicate	sample_alias	fastq_ftp	fastq_md5
PRJNA1417577	SRR37092220	SAMN55001297	metagenome	WGS	AMPLICON	YES	read-diversity probe 49636/50000 distinct 25bp prefixes; 8.05 Gbp/sample; source=METAGENOMIC	METAGENOMIC	PAIRED	DNBSEQ-G400	26354509	7906352700	5.72	T1	male	1	Rattus_L_SeMC_T1M_1	ftp.sra.ebi.ac.uk/vol1/fastq/SRR370/020/SRR37092220/SRR37092220_1.fastq.gz;ftp.sra.ebi.ac.uk/vol1/fastq/SRR370/020/SRR37092220/SRR37092220_2.fastq.gz	64cf07ab8bde0fc1512d01c99e618f4a;6f53e61e756ed04a0cd48f8cbae331d0
PRJNA1417577	SRR37092222	SAMN55001295	metagenome	WGS	AMPLICON	YES	read-diversity probe 49636/50000 distinct 25bp prefixes; 8.05 Gbp/sample; source=METAGENOMIC	METAGENOMIC	PAIRED	DNBSEQ-G400	25865108	7759532400	5.64	C	female	2	Rattus_L_SeMC_CF_2	ftp.sra.ebi.ac.uk/vol1/fastq/SRR370/022/SRR37092222/SRR37092222_1.fastq.gz;ftp.sra.ebi.ac.uk/vol1/fastq/SRR370/022/SRR37092222/SRR37092222_2.fastq.gz	9409d2c396233cb7646df80f6dedb507;371e7dbbc17649961050d3f24ebfe28b
PRJNA1417577	SRR37092235	SAMN55001310	metagenome	WGS	AMPLICON	YES	read-diversity probe 49636/50000 distinct 25bp prefixes; 8.05 Gbp/sample; source=METAGENOMIC	METAGENOMIC	PAIRED	DNBSEQ-G400	28792352	8637705600	6.01	T3	male	2	Rattus_L_SeMC_T3M_2	ftp.sra.ebi.ac.uk/vol1/fastq/SRR370/035/SRR37092235/SRR37092235_1.fastq.gz;ftp.sra.ebi.ac.uk/vol1/fastq/SRR370/035/SRR37092235/SRR37092235_2.fastq.gz	d41583337351888cb5cdcd45a9505ab7;9ff18df66bcc3fe97275e0f3a46e8bbb
PRJNA1417577	SRR37092240	SAMN55001305	metagenome	WGS	AMPLICON	YES	read-diversity probe 49636/50000 distinct 25bp prefixes; 8.05 Gbp/sample; source=METAGENOMIC	METAGENOMIC	PAIRED	DNBSEQ-G400	30957123	9287136900	6.48	T2	male	3	Rattus_L_SeMC_T2M_3	ftp.sra.ebi.ac.uk/vol1/fastq/SRR370/040/SRR37092240/SRR37092240_1.fastq.gz;ftp.sra.ebi.ac.uk/vol1/fastq/SRR370/040/SRR37092240/SRR37092240_2.fastq.gz	b9623148d791523f55e7b4f1783a7809;fad65f142f74a7d1a1307e106032cb14
PRJNA1417577	SRR37092225	SAMN55001319	metagenome	WGS	AMPLICON	YES	read-diversity probe 49636/50000 distinct 25bp prefixes; 8.05 Gbp/sample; source=METAGENOMIC	METAGENOMIC	PAIRED	DNBSEQ-G400	26359391	7907817300	5.77	T4	female	2	Rattus_L_SeMC_T4F_2	ftp.sra.ebi.ac.uk/vol1/fastq/SRR370/025/SRR37092225/SRR37092225_1.fastq.gz;ftp.sra.ebi.ac.uk/vol1/fastq/SRR370/025/SRR37092225/SRR37092225_2.fastq.gz	0eaaea467ff86be279857c98d9cb68ac;efea368d0e3a7a0186443db62d048382
PRJNA1417577	SRR37092227	SAMN55001317	metagenome	WGS	AMPLICON	YES	read-diversity probe 49636/50000 distinct 25bp prefixes; 8.05 Gbp/sample; source=METAGENOMIC	METAGENOMIC	PAIRED	DNBSEQ-G400	25201777	7560533100	5.69	T4	male	3	Rattus_L_SeMC_T4M_3	ftp.sra.ebi.ac.uk/vol1/fastq/SRR370/027/SRR37092227/SRR37092227_1.fastq.gz;ftp.sra.ebi.ac.uk/vol1/fastq/SRR370/027/SRR37092227/SRR37092227_2.fastq.gz	16a4248449d85ee448424276379d79b7;25912fc900163eb15e350334bd16a006
PRJNA1417577	SRR37092236	SAMN55001309	metagenome	WGS	AMPLICON	YES	read-diversity probe 49636/50000 distinct 25bp prefixes; 8.05 Gbp/sample; source=METAGENOMIC	METAGENOMIC	PAIRED	DNBSEQ-G400	31219109	9365732700	6.51	T3	male	1	Rattus_L_SeMC_T3M_1	ftp.sra.ebi.ac.uk/vol1/fastq/SRR370/036/SRR37092236/SRR37092236_1.fastq.gz;ftp.sra.ebi.ac.uk/vol1/fastq/SRR370/036/SRR37092236/SRR37092236_2.fastq.gz	d13ce5807557425ac4602f172ecce57e;ba764c6cf98094dc2fa1f6e9fa15590a
PRJNA1417577	SRR37092237	SAMN55001308	metagenome	WGS	AMPLICON	YES	read-diversity probe 49636/50000 distinct 25bp prefixes; 8.05 Gbp/sample; source=METAGENOMIC	METAGENOMIC	PAIRED	DNBSEQ-G400	22495754	6748726200	4.72	T2	female	3	Rattus_L_SeMC_T2F_3	ftp.sra.ebi.ac.uk/vol1/fastq/SRR370/037/SRR37092237/SRR37092237_1.fastq.gz;ftp.sra.ebi.ac.uk/vol1/fastq/SRR370/037/SRR37092237/SRR37092237_2.fastq.gz	e4f96fa8518088e9771ba32761587869;1af3b09509b1bfd151070c26127d3985
PRJNA1417577	SRR37092242	SAMN55001303	metagenome	WGS	AMPLICON	YES	read-diversity probe 49636/50000 distinct 25bp prefixes; 8.05 Gbp/sample; source=METAGENOMIC	METAGENOMIC	PAIRED	DNBSEQ-G400	30488428	9146528400	6.40	T2	male	1	Rattus_L_SeMC_T2M_1	ftp.sra.ebi.ac.uk/vol1/fastq/SRR370/042/SRR37092242/SRR37092242_1.fastq.gz;ftp.sra.ebi.ac.uk/vol1/fastq/SRR370/042/SRR37092242/SRR37092242_2.fastq.gz	b8cd5c8a7dfed9f2e723d5ea84904123;c57d4a707db1a8a0ced52e98109cdb03
PRJNA1417577	SRR37092246	SAMN55001291	metagenome	WGS	AMPLICON	YES	read-diversity probe 49636/50000 distinct 25bp prefixes; 8.05 Gbp/sample; source=METAGENOMIC	METAGENOMIC	PAIRED	DNBSEQ-G400	26163473	7849041900	5.75	C	male	1	Rattus_L_SeMC_CM_1	ftp.sra.ebi.ac.uk/vol1/fastq/SRR370/046/SRR37092246/SRR37092246_1.fastq.gz;ftp.sra.ebi.ac.uk/vol1/fastq/SRR370/046/SRR37092246/SRR37092246_2.fastq.gz	c49edb5d14acf311569fd66ee097bd72;b42aa70f6c2ab0e33f48c281b3bea8c8
PRJNA1417577	SRR37092217	SAMN55001300	metagenome	WGS	AMPLICON	YES	read-diversity probe 49636/50000 distinct 25bp prefixes; 8.05 Gbp/sample; source=METAGENOMIC	METAGENOMIC	PAIRED	DNBSEQ-G400	33809543	10142862900	7.40	T1	female	1	Rattus_L_SeMC_T1F_1	ftp.sra.ebi.ac.uk/vol1/fastq/SRR370/017/SRR37092217/SRR37092217_1.fastq.gz;ftp.sra.ebi.ac.uk/vol1/fastq/SRR370/017/SRR37092217/SRR37092217_2.fastq.gz	92556a49d6b221a746a2da0473be1877;b52734d56ca62a4c68b45fdd02c4f5b8
PRJNA1417577	SRR37092218	SAMN55001299	metagenome	WGS	AMPLICON	YES	read-diversity probe 49636/50000 distinct 25bp prefixes; 8.05 Gbp/sample; source=METAGENOMIC	METAGENOMIC	PAIRED	DNBSEQ-G400	25242612	7572783600	5.62	T1	male	3	Rattus_L_SeMC_T1M_3	ftp.sra.ebi.ac.uk/vol1/fastq/SRR370/018/SRR37092218/SRR37092218_1.fastq.gz;ftp.sra.ebi.ac.uk/vol1/fastq/SRR370/018/SRR37092218/SRR37092218_2.fastq.gz	b348da87c294cb4085e4930b75532280;8833ee55b7882c2403e669ed8e2c305e
PRJNA1417577	SRR37092219	SAMN55001298	metagenome	WGS	AMPLICON	YES	read-diversity probe 49636/50000 distinct 25bp prefixes; 8.05 Gbp/sample; source=METAGENOMIC	METAGENOMIC	PAIRED	DNBSEQ-G400	25130546	7539163800	5.49	T1	male	2	Rattus_L_SeMC_T1M_2	ftp.sra.ebi.ac.uk/vol1/fastq/SRR370/019/SRR37092219/SRR37092219_1.fastq.gz;ftp.sra.ebi.ac.uk/vol1/fastq/SRR370/019/SRR37092219/SRR37092219_2.fastq.gz	fa301cda5f00efdcab81cb3f4acac83b;7186e3d82d8bf2440e36e58781bb40b9
PRJNA1417577	SRR37092223	SAMN55001294	metagenome	WGS	AMPLICON	YES	read-diversity probe 49636/50000 distinct 25bp prefixes; 8.05 Gbp/sample; source=METAGENOMIC	METAGENOMIC	PAIRED	DNBSEQ-G400	20995898	6298769400	4.63	C	female	1	Rattus_L_SeMC_CF_1	ftp.sra.ebi.ac.uk/vol1/fastq/SRR370/023/SRR37092223/SRR37092223_1.fastq.gz;ftp.sra.ebi.ac.uk/vol1/fastq/SRR370/023/SRR37092223/SRR37092223_2.fastq.gz	afc2c3d250eb1eff8fb1acf2b32c75f7;92f6930de64ef6d2fef22f657cabfb00
PRJNA1417577	SRR37092230	SAMN55001314	metagenome	WGS	AMPLICON	YES	read-diversity probe 49636/50000 distinct 25bp prefixes; 8.05 Gbp/sample; source=METAGENOMIC	METAGENOMIC	PAIRED	DNBSEQ-G400	25979459	7793837700	5.45	T3	female	3	Rattus_L_SeMC_T3F_3	ftp.sra.ebi.ac.uk/vol1/fastq/SRR370/030/SRR37092230/SRR37092230_1.fastq.gz;ftp.sra.ebi.ac.uk/vol1/fastq/SRR370/030/SRR37092230/SRR37092230_2.fastq.gz	d750b433fab76035218c7ab7bf2938b1;dca8c9adc15d0592eb2abeaf1f8d6fed
PRJNA1417577	SRR37092231	SAMN55001313	metagenome	WGS	AMPLICON	YES	read-diversity probe 49636/50000 distinct 25bp prefixes; 8.05 Gbp/sample; source=METAGENOMIC	METAGENOMIC	PAIRED	DNBSEQ-G400	26819079	8045723700	5.63	T3	female	2	Rattus_L_SeMC_T3F_2	ftp.sra.ebi.ac.uk/vol1/fastq/SRR370/031/SRR37092231/SRR37092231_1.fastq.gz;ftp.sra.ebi.ac.uk/vol1/fastq/SRR370/031/SRR37092231/SRR37092231_2.fastq.gz	46176a694bb5c06dae0dbc00a60e8060;9f18d6e791e38c17ef9f6bd7014ed35c
PRJNA1417577	SRR37092233	SAMN55001311	metagenome	WGS	AMPLICON	YES	read-diversity probe 49636/50000 distinct 25bp prefixes; 8.05 Gbp/sample; source=METAGENOMIC	METAGENOMIC	PAIRED	DNBSEQ-G400	28305887	8491766100	5.97	T3	male	3	Rattus_L_SeMC_T3M_3	ftp.sra.ebi.ac.uk/vol1/fastq/SRR370/033/SRR37092233/SRR37092233_1.fastq.gz;ftp.sra.ebi.ac.uk/vol1/fastq/SRR370/033/SRR37092233/SRR37092233_2.fastq.gz	46d74aeebeb98727ad326acf1ba24fed;a6988ad60cb205512b7d2b7f44438281
PRJNA1417577	SRR37092234	SAMN55001293	metagenome	WGS	AMPLICON	YES	read-diversity probe 49636/50000 distinct 25bp prefixes; 8.05 Gbp/sample; source=METAGENOMIC	METAGENOMIC	PAIRED	DNBSEQ-G400	31102913	9330873900	6.83	C	male	3	Rattus_L_SeMC_CM_3	ftp.sra.ebi.ac.uk/vol1/fastq/SRR370/034/SRR37092234/SRR37092234_1.fastq.gz;ftp.sra.ebi.ac.uk/vol1/fastq/SRR370/034/SRR37092234/SRR37092234_2.fastq.gz	3d27873adb53e7e31d17b08f8544dc0d;03663044f9cd27e2dc40dcd2da224719
PRJNA1417577	SRR37092243	SAMN55001302	metagenome	WGS	AMPLICON	YES	read-diversity probe 49636/50000 distinct 25bp prefixes; 8.05 Gbp/sample; source=METAGENOMIC	METAGENOMIC	PAIRED	DNBSEQ-G400	25858426	7757527800	5.70	T1	female	3	Rattus_L_SeMC_T1F_3	ftp.sra.ebi.ac.uk/vol1/fastq/SRR370/043/SRR37092243/SRR37092243_1.fastq.gz;ftp.sra.ebi.ac.uk/vol1/fastq/SRR370/043/SRR37092243/SRR37092243_2.fastq.gz	ad56e30422ecd1f2df8cb657034ce5bf;7907d0a5e7be378967a572f9d9595c33
PRJNA1417577	SRR37092226	SAMN55001318	metagenome	WGS	AMPLICON	YES	read-diversity probe 49636/50000 distinct 25bp prefixes; 8.05 Gbp/sample; source=METAGENOMIC	METAGENOMIC	PAIRED	DNBSEQ-G400	24735709	7420712700	5.42	T4	female	1	Rattus_L_SeMC_T4F_1	ftp.sra.ebi.ac.uk/vol1/fastq/SRR370/026/SRR37092226/SRR37092226_1.fastq.gz;ftp.sra.ebi.ac.uk/vol1/fastq/SRR370/026/SRR37092226/SRR37092226_2.fastq.gz	f4cee31b35638790600a279dc185d89f;12b838ab8981582ce10f26acc5fb10e8
PRJNA1417577	SRR37092228	SAMN55001316	metagenome	WGS	AMPLICON	YES	read-diversity probe 49636/50000 distinct 25bp prefixes; 8.05 Gbp/sample; source=METAGENOMIC	METAGENOMIC	PAIRED	DNBSEQ-G400	31729778	9518933400	6.95	T4	male	2	Rattus_L_SeMC_T4M_2	ftp.sra.ebi.ac.uk/vol1/fastq/SRR370/028/SRR37092228/SRR37092228_1.fastq.gz;ftp.sra.ebi.ac.uk/vol1/fastq/SRR370/028/SRR37092228/SRR37092228_2.fastq.gz	1b79f5ba334d8c56b1ec88b23c5fe19b;13bf782ca41a34c4a556a441c4eec03d
PRJNA1417577	SRR37092232	SAMN55001312	metagenome	WGS	AMPLICON	YES	read-diversity probe 49636/50000 distinct 25bp prefixes; 8.05 Gbp/sample; source=METAGENOMIC	METAGENOMIC	PAIRED	DNBSEQ-G400	26894097	8068229100	5.63	T3	female	1	Rattus_L_SeMC_T3F_1	ftp.sra.ebi.ac.uk/vol1/fastq/SRR370/032/SRR37092232/SRR37092232_1.fastq.gz;ftp.sra.ebi.ac.uk/vol1/fastq/SRR370/032/SRR37092232/SRR37092232_2.fastq.gz	b3c39ba12fd9a6cf2e58804897395d57;a4221cc3fea25f545e7ec09ee85eaeeb
PRJNA1417577	SRR37092238	SAMN55001307	metagenome	WGS	AMPLICON	YES	read-diversity probe 49636/50000 distinct 25bp prefixes; 8.05 Gbp/sample; source=METAGENOMIC	METAGENOMIC	PAIRED	DNBSEQ-G400	24464572	7339371600	5.11	T2	female	2	Rattus_L_SeMC_T2F_2	ftp.sra.ebi.ac.uk/vol1/fastq/SRR370/038/SRR37092238/SRR37092238_1.fastq.gz;ftp.sra.ebi.ac.uk/vol1/fastq/SRR370/038/SRR37092238/SRR37092238_2.fastq.gz	6d5762db514801b1b86ab28f6288fe70;ad9e6b8ac06f8598549aaaac50550186
PRJNA1417577	SRR37092239	SAMN55001306	metagenome	WGS	AMPLICON	YES	read-diversity probe 49636/50000 distinct 25bp prefixes; 8.05 Gbp/sample; source=METAGENOMIC	METAGENOMIC	PAIRED	DNBSEQ-G400	25866770	7760031000	5.40	T2	female	1	Rattus_L_SeMC_T2F_1	ftp.sra.ebi.ac.uk/vol1/fastq/SRR370/039/SRR37092239/SRR37092239_1.fastq.gz;ftp.sra.ebi.ac.uk/vol1/fastq/SRR370/039/SRR37092239/SRR37092239_2.fastq.gz	b514f852d9afaa42c7e210fc31767f39;ebd228e54d984de729f23c2877527630
PRJNA1417577	SRR37092241	SAMN55001304	metagenome	WGS	AMPLICON	YES	read-diversity probe 49636/50000 distinct 25bp prefixes; 8.05 Gbp/sample; source=METAGENOMIC	METAGENOMIC	PAIRED	DNBSEQ-G400	26897500	8069250000	5.61	T2	male	2	Rattus_L_SeMC_T2M_2	ftp.sra.ebi.ac.uk/vol1/fastq/SRR370/041/SRR37092241/SRR37092241_1.fastq.gz;ftp.sra.ebi.ac.uk/vol1/fastq/SRR370/041/SRR37092241/SRR37092241_2.fastq.gz	7c55eebf78e08801325c9ae61caadfdc;50f1a09166506c92d04d16c62fcf8276
PRJNA1417577	SRR37092244	SAMN55001301	metagenome	WGS	AMPLICON	YES	read-diversity probe 49636/50000 distinct 25bp prefixes; 8.05 Gbp/sample; source=METAGENOMIC	METAGENOMIC	PAIRED	DNBSEQ-G400	26675165	8002549500	5.88	T1	female	2	Rattus_L_SeMC_T1F_2	ftp.sra.ebi.ac.uk/vol1/fastq/SRR370/044/SRR37092244/SRR37092244_1.fastq.gz;ftp.sra.ebi.ac.uk/vol1/fastq/SRR370/044/SRR37092244/SRR37092244_2.fastq.gz	32acd39d225b97fa5bf991e0d87b6ddc;e723ce21b87ef0210541a063e9c4480f
PRJNA1417577	SRR37092221	SAMN55001296	metagenome	WGS	AMPLICON	YES	read-diversity probe 49636/50000 distinct 25bp prefixes; 8.05 Gbp/sample; source=METAGENOMIC	METAGENOMIC	PAIRED	DNBSEQ-G400	19428365	5828509500	4.25	C	female	3	Rattus_L_SeMC_CF_3	ftp.sra.ebi.ac.uk/vol1/fastq/SRR370/021/SRR37092221/SRR37092221_1.fastq.gz;ftp.sra.ebi.ac.uk/vol1/fastq/SRR370/021/SRR37092221/SRR37092221_2.fastq.gz	3dc8335bc3e1748610a3a6a824161e2d;af36d69451cedcfdd59733c0ea762cd8
PRJNA1417577	SRR37092224	SAMN55001320	metagenome	WGS	AMPLICON	YES	read-diversity probe 49636/50000 distinct 25bp prefixes; 8.05 Gbp/sample; source=METAGENOMIC	METAGENOMIC	PAIRED	DNBSEQ-G400	28581489	8574446700	6.25	T4	female	3	Rattus_L_SeMC_T4F_3	ftp.sra.ebi.ac.uk/vol1/fastq/SRR370/024/SRR37092224/SRR37092224_1.fastq.gz;ftp.sra.ebi.ac.uk/vol1/fastq/SRR370/024/SRR37092224/SRR37092224_2.fastq.gz	0b47930576db18dc0b542bec595368e2;689216f9e8cde43f5dcc8108f551ed19
PRJNA1417577	SRR37092229	SAMN55001315	metagenome	WGS	AMPLICON	YES	read-diversity probe 49636/50000 distinct 25bp prefixes; 8.05 Gbp/sample; source=METAGENOMIC	METAGENOMIC	PAIRED	DNBSEQ-G400	24755119	7426535700	5.44	T4	male	1	Rattus_L_SeMC_T4M_1	ftp.sra.ebi.ac.uk/vol1/fastq/SRR370/029/SRR37092229/SRR37092229_1.fastq.gz;ftp.sra.ebi.ac.uk/vol1/fastq/SRR370/029/SRR37092229/SRR37092229_2.fastq.gz	cb0e5c0e4f3c499427dfbae644a22f31;282a7c5433bb675f2dcb0e3998b8b42b
PRJNA1417577	SRR37092245	SAMN55001292	metagenome	WGS	AMPLICON	YES	read-diversity probe 49636/50000 distinct 25bp prefixes; 8.05 Gbp/sample; source=METAGENOMIC	METAGENOMIC	PAIRED	DNBSEQ-G400	27580773	8274231900	5.96	C	male	2	Rattus_L_SeMC_CM_2	ftp.sra.ebi.ac.uk/vol1/fastq/SRR370/045/SRR37092245/SRR37092245_1.fastq.gz;ftp.sra.ebi.ac.uk/vol1/fastq/SRR370/045/SRR37092245/SRR37092245_2.fastq.gz	b904b11e3b61b3affb2b567ff0974427;c8b23ab2f7705eb7dbcd239e031ec404
PRJNA857801	SRR20360286	SAMN29636404	mouse gut metagenome	WGS	WGS	NO	as deposited; depth concordant	METAGENOMIC	PAIRED	Illumina NovaSeq 6000	12292494	3687748200	1.54				I23DY9	ftp.sra.ebi.ac.uk/vol1/fastq/SRR203/086/SRR20360286/SRR20360286_1.fastq.gz;ftp.sra.ebi.ac.uk/vol1/fastq/SRR203/086/SRR20360286/SRR20360286_2.fastq.gz	3017ce9cfb93fc6e91c0255947afc726;dff5218be9dda8db1defffa0599d1601
PRJNA857801	SRR20360289	SAMN29636401	mouse gut metagenome	WGS	WGS	NO	as deposited; depth concordant	METAGENOMIC	PAIRED	Illumina NovaSeq 6000	10417909	3125372700	1.29				I23FP6	ftp.sra.ebi.ac.uk/vol1/fastq/SRR203/089/SRR20360289/SRR20360289_1.fastq.gz;ftp.sra.ebi.ac.uk/vol1/fastq/SRR203/089/SRR20360289/SRR20360289_2.fastq.gz	40fdd1a6d6863cbea10c2b0535a143b2;72e0c88413f83e06ee5dd1e27e85a76a
PRJNA857801	SRR20360292	SAMN29636398	mouse gut metagenome	WGS	WGS	NO	as deposited; depth concordant	METAGENOMIC	PAIRED	Illumina NovaSeq 6000	10330530	3099159000	1.28				I23FK3	ftp.sra.ebi.ac.uk/vol1/fastq/SRR203/092/SRR20360292/SRR20360292_1.fastq.gz;ftp.sra.ebi.ac.uk/vol1/fastq/SRR203/092/SRR20360292/SRR20360292_2.fastq.gz	9ed6c3c85de47bbdfbac3e9b02f2823e;e47c9e0ad48c12eaccc2a1f36353c78c
PRJNA857801	SRR20360293	SAMN29636397	mouse gut metagenome	WGS	WGS	NO	as deposited; depth concordant	METAGENOMIC	PAIRED	Illumina NovaSeq 6000	14348082	4304424600	1.80				I23FJ2	ftp.sra.ebi.ac.uk/vol1/fastq/SRR203/093/SRR20360293/SRR20360293_1.fastq.gz;ftp.sra.ebi.ac.uk/vol1/fastq/SRR203/093/SRR20360293/SRR20360293_2.fastq.gz	0f2de6426b09a82004bf2a30fdc3613b;cdcb88185c7a3f74e156cf6f593c1bba
PRJNA857801	SRR20360290	SAMN29636400	mouse gut metagenome	WGS	WGS	NO	as deposited; depth concordant	METAGENOMIC	PAIRED	Illumina NovaSeq 6000	9022972	2706891600	1.09				I23FN5	ftp.sra.ebi.ac.uk/vol1/fastq/SRR203/090/SRR20360290/SRR20360290_1.fastq.gz;ftp.sra.ebi.ac.uk/vol1/fastq/SRR203/090/SRR20360290/SRR20360290_2.fastq.gz	2a44ee977f0924c429acc51b53943e4f;e96244b2b5a7972b7e2ba1983b1da1e4
PRJNA857801	SRR20360291	SAMN29636399	mouse gut metagenome	WGS	WGS	NO	as deposited; depth concordant	METAGENOMIC	PAIRED	Illumina NovaSeq 6000	10789080	3236724000	1.33				I23FM4	ftp.sra.ebi.ac.uk/vol1/fastq/SRR203/091/SRR20360291/SRR20360291_1.fastq.gz;ftp.sra.ebi.ac.uk/vol1/fastq/SRR203/091/SRR20360291/SRR20360291_2.fastq.gz	d41045d0ee06750b3a52202203c890d1;7195ac0c6ba7a260f7567059a30d27ce
PRJNA857801	SRR20360285	SAMN29636405	mouse gut metagenome	WGS	WGS	NO	as deposited; depth concordant	METAGENOMIC	PAIRED	Illumina NovaSeq 6000	13456883	4037064900	1.69				I23E20	ftp.sra.ebi.ac.uk/vol1/fastq/SRR203/085/SRR20360285/SRR20360285_1.fastq.gz;ftp.sra.ebi.ac.uk/vol1/fastq/SRR203/085/SRR20360285/SRR20360285_2.fastq.gz	0b520b7457f41aee4ef66576f77345f0;abd856855725d20cc7fd8263eba4e60e
PRJNA857801	SRR20360288	SAMN29636402	mouse gut metagenome	WGS	WGS	NO	as deposited; depth concordant	METAGENOMIC	PAIRED	Illumina NovaSeq 6000	9239648	2771894400	1.14				I23DM7	ftp.sra.ebi.ac.uk/vol1/fastq/SRR203/088/SRR20360288/SRR20360288_1.fastq.gz;ftp.sra.ebi.ac.uk/vol1/fastq/SRR203/088/SRR20360288/SRR20360288_2.fastq.gz	af7285c1563c7f83d189b2515afcb151;966ecd853bc0ffe16fc53da13dccd6a1
PRJNA857801	SRR20360287	SAMN29636403	mouse gut metagenome	WGS	WGS	NO	as deposited; depth concordant	METAGENOMIC	PAIRED	Illumina NovaSeq 6000	10460960	3138288000	1.30				I23DV8	ftp.sra.ebi.ac.uk/vol1/fastq/SRR203/087/SRR20360287/SRR20360287_1.fastq.gz;ftp.sra.ebi.ac.uk/vol1/fastq/SRR203/087/SRR20360287/SRR20360287_2.fastq.gz	414f16ec4c9b28d81c8ff7190e43dc1c;9a2798cb6cf1b26c2c0f0fe930541481
PRJNA857801	SRR20360294	SAMN29636396	mouse gut metagenome	WGS	WGS	NO	as deposited; depth concordant	METAGENOMIC	PAIRED	Illumina NovaSeq 6000	5037161	1511148300	0.61				I23FH1	ftp.sra.ebi.ac.uk/vol1/fastq/SRR203/094/SRR20360294/SRR20360294_1.fastq.gz;ftp.sra.ebi.ac.uk/vol1/fastq/SRR203/094/SRR20360294/SRR20360294_2.fastq.gz	9bfb503e017e516d4dd4c986dc4b0391;17f65f1a9e54dc4174ae260132150e46
