run_accession	study_accession	scientific_name	library_strategy	library_source	library_layout	instrument_platform	read_count	base_count	fastq_bytes	sample_alias
SRR28208135	PRJNA1083232	mouse gut metagenome	AMPLICON	GENOMIC	PAIRED	ILLUMINA	643636	384629274	98368909;126305595	Lab-7-5
SRR28208146	PRJNA1083232	mouse gut metagenome	AMPLICON	GENOMIC	PAIRED	ILLUMINA	864194	516509714	134345768;167207518	Lab-4-4
SRR28208148	PRJNA1083232	mouse gut metagenome	AMPLICON	GENOMIC	PAIRED	ILLUMINA	982849	586931740	152182796;185372099	Lab-3-5
SRR28208152	PRJNA1083232	mouse gut metagenome	AMPLICON	GENOMIC	PAIRED	ILLUMINA	992351	591912037	154951463;192789269	Lab-2-5
SRR28208154	PRJNA1083232	mouse gut metagenome	AMPLICON	GENOMIC	PAIRED	ILLUMINA	932166	557415208	150936588;176717060	Lab-1-6
SRR28208167	PRJNA1083232	mouse gut metagenome	AMPLICON	GENOMIC	PAIRED	ILLUMINA	742367	443812178	113516502;143737644	Lab-5-3
SRR28208141	PRJNA1083232	mouse gut metagenome	AMPLICON	GENOMIC	PAIRED	ILLUMINA	604867	361500052	98399587;125613800	Lab-5-6
SRR28208145	PRJNA1083232	mouse gut metagenome	AMPLICON	GENOMIC	PAIRED	ILLUMINA	792587	473620889	123289169;153603249	Lab-4-5
SRR28208147	PRJNA1083232	mouse gut metagenome	AMPLICON	GENOMIC	PAIRED	ILLUMINA	730562	436174344	118053646;146660494	Lab-3-6
SRR28208149	PRJNA1083232	mouse gut metagenome	AMPLICON	GENOMIC	PAIRED	ILLUMINA	852186	509313019	131631823;171624515	Lab-3-4
SRR28208150	PRJNA1083232	mouse gut metagenome	AMPLICON	GENOMIC	PAIRED	ILLUMINA	746879	446201703	114286961;149271281	Lab-2-1
SRR28208151	PRJNA1083232	mouse gut metagenome	AMPLICON	GENOMIC	PAIRED	ILLUMINA	597172	356538822	91099289;114637181	Lab-2-6
SRR28208153	PRJNA1083232	mouse gut metagenome	AMPLICON	GENOMIC	PAIRED	ILLUMINA	928606	554883817	145079348;182533509	Lab-2-4
SRR28208155	PRJNA1083232	mouse gut metagenome	AMPLICON	GENOMIC	PAIRED	ILLUMINA	87999	52561554	13992703;17565032	Lab-1-5
SRR28208165	PRJNA1083232	mouse gut metagenome	AMPLICON	GENOMIC	PAIRED	ILLUMINA	892550	533543336	134069485;174867772	Lab-6-2
SRR28208168	PRJNA1083232	mouse gut metagenome	AMPLICON	GENOMIC	PAIRED	ILLUMINA	666097	397834975	101035967;129254932	Lab-5-2
SRR28208172	PRJNA1083232	mouse gut metagenome	AMPLICON	GENOMIC	PAIRED	ILLUMINA	725818	433725846	110174286;139849253	Lab-1-2
SRR28208127	PRJNA1083232	mouse gut metagenome	AMPLICON	GENOMIC	PAIRED	ILLUMINA	738899	440640047	112661795;139315313	Lab-3-3
SRR28208131	PRJNA1083232	mouse gut metagenome	AMPLICON	GENOMIC	PAIRED	ILLUMINA	571579	341512453	92484175;116078344	Lab-8-6
SRR28208136	PRJNA1083232	mouse gut metagenome	AMPLICON	GENOMIC	PAIRED	ILLUMINA	911010	544426766	139904270;175351469	Lab-7-4
SRR28208142	PRJNA1083232	mouse gut metagenome	AMPLICON	GENOMIC	PAIRED	ILLUMINA	649513	388023429	101897948;124163046	Lab-5-5
SRR28208144	PRJNA1083232	mouse gut metagenome	AMPLICON	GENOMIC	PAIRED	ILLUMINA	553563	330869784	92096105;115672851	Lab-4-6
SRR28208157	PRJNA1083232	mouse gut metagenome	AMPLICON	GENOMIC	PAIRED	ILLUMINA	493007	294238138	76802952;100210748	Lab-8-3
SRR28208158	PRJNA1083232	mouse gut metagenome	AMPLICON	GENOMIC	PAIRED	ILLUMINA	655771	391707000	97945656;125283134	Lab-8-2
SRR28208159	PRJNA1083232	mouse gut metagenome	AMPLICON	GENOMIC	PAIRED	ILLUMINA	584442	349383197	92382799;117096760	Lab-8-1
SRR28208162	PRJNA1083232	mouse gut metagenome	AMPLICON	GENOMIC	PAIRED	ILLUMINA	656088	391726698	97333931;123986570	Lab-7-2
SRR28208169	PRJNA1083232	mouse gut metagenome	AMPLICON	GENOMIC	PAIRED	ILLUMINA	499212	297960572	79093440;100950742	Lab-5-1
SRR28208170	PRJNA1083232	mouse gut metagenome	AMPLICON	GENOMIC	PAIRED	ILLUMINA	532664	316187513	84981413;106326642	Lab-4-3
SRR28208130	PRJNA1083232	mouse gut metagenome	AMPLICON	GENOMIC	PAIRED	ILLUMINA	742484	443464932	113887173;153261900	Lab-2-3
SRR28208132	PRJNA1083232	mouse gut metagenome	AMPLICON	GENOMIC	PAIRED	ILLUMINA	1011107	604308364	152935922;191124498	Lab-8-5
SRR28208133	PRJNA1083232	mouse gut metagenome	AMPLICON	GENOMIC	PAIRED	ILLUMINA	684890	409518922	105436764;131525572	Lab-8-4
SRR28208137	PRJNA1083232	mouse gut metagenome	AMPLICON	GENOMIC	PAIRED	ILLUMINA	693683	414620638	116178453;137415805	Lab-6-6
SRR28208139	PRJNA1083232	mouse gut metagenome	AMPLICON	GENOMIC	PAIRED	ILLUMINA	795850	474663150	118486784;157085289	Lab-2-2
SRR28208156	PRJNA1083232	mouse gut metagenome	AMPLICON	GENOMIC	PAIRED	ILLUMINA	915674	547009613	143008316;177153754	Lab-1-4
SRR28208160	PRJNA1083232	mouse gut metagenome	AMPLICON	GENOMIC	PAIRED	ILLUMINA	814708	485769956	118561564;154107315	Lab-7-3
SRR28208161	PRJNA1083232	mouse gut metagenome	AMPLICON	GENOMIC	PAIRED	ILLUMINA	732970	435396684	109178025;142763907	Lab-1-3
SRR28208163	PRJNA1083232	mouse gut metagenome	AMPLICON	GENOMIC	PAIRED	ILLUMINA	457985	273434641	70246853;93545527	Lab-7-1
SRR28208166	PRJNA1083232	mouse gut metagenome	AMPLICON	GENOMIC	PAIRED	ILLUMINA	550979	328989734	85766367;113190713	Lab-6-1
SRR28208173	PRJNA1083232	mouse gut metagenome	AMPLICON	GENOMIC	PAIRED	ILLUMINA	702175	417806314	104736381;134827059	Lab-1-1
SRR28208126	PRJNA1083232	mouse gut metagenome	AMPLICON	GENOMIC	PAIRED	ILLUMINA	945766	564604671	140760549;178565824	Lab-4-1
SRR28208128	PRJNA1083232	mouse gut metagenome	AMPLICON	GENOMIC	PAIRED	ILLUMINA	768498	459486810	117340825;144661553	Lab-3-2
SRR28208129	PRJNA1083232	mouse gut metagenome	AMPLICON	GENOMIC	PAIRED	ILLUMINA	795634	475627454	119143723;155157954	Lab-3-1
SRR28208134	PRJNA1083232	mouse gut metagenome	AMPLICON	GENOMIC	PAIRED	ILLUMINA	726740	434368590	115784342;144894777	Lab-7-6
SRR28208138	PRJNA1083232	mouse gut metagenome	AMPLICON	GENOMIC	PAIRED	ILLUMINA	572643	342223446	90998445;110340319	Lab-6-5
SRR28208140	PRJNA1083232	mouse gut metagenome	AMPLICON	GENOMIC	PAIRED	ILLUMINA	1000625	598187856	157388649;196411396	Lab-6-4
SRR28208143	PRJNA1083232	mouse gut metagenome	AMPLICON	GENOMIC	PAIRED	ILLUMINA	1204595	719845692	185140851;229664039	Lab-5-4
SRR28208164	PRJNA1083232	mouse gut metagenome	AMPLICON	GENOMIC	PAIRED	ILLUMINA	529632	316537831	81970681;104281227	Lab-6-3
SRR28208171	PRJNA1083232	mouse gut metagenome	AMPLICON	GENOMIC	PAIRED	ILLUMINA	741458	442703121	106869271;137271581	Lab-4-2