run_accession	sample_accession	sample_alias	isolation_source	read_count	base_count	fastq_ftp	fastq_bytes	fastq_md5	instrument_model	library_layout
SRR37092221	SAMN55001296	Rattus_L_SeMC_CF_3	feces	19428365	5828509500	ftp.sra.ebi.ac.uk/vol1/fastq/SRR370/021/SRR37092221/SRR37092221_1.fastq.gz;ftp.sra.ebi.ac.uk/vol1/fastq/SRR370/021/SRR37092221/SRR37092221_2.fastq.gz	2263057976;2297162862	3dc8335bc3e1748610a3a6a824161e2d;af36d69451cedcfdd59733c0ea762cd8	DNBSEQ-G400	PAIRED
SRR37092224	SAMN55001320	Rattus_L_SeMC_T4F_3	feces	28581489	8574446700	ftp.sra.ebi.ac.uk/vol1/fastq/SRR370/024/SRR37092224/SRR37092224_1.fastq.gz;ftp.sra.ebi.ac.uk/vol1/fastq/SRR370/024/SRR37092224/SRR37092224_2.fastq.gz	3320179437;3388684064	0b47930576db18dc0b542bec595368e2;689216f9e8cde43f5dcc8108f551ed19	DNBSEQ-G400	PAIRED
SRR37092229	SAMN55001315	Rattus_L_SeMC_T4M_1	feces	24755119	7426535700	ftp.sra.ebi.ac.uk/vol1/fastq/SRR370/029/SRR37092229/SRR37092229_1.fastq.gz;ftp.sra.ebi.ac.uk/vol1/fastq/SRR370/029/SRR37092229/SRR37092229_2.fastq.gz	2884982134;2959787345	cb0e5c0e4f3c499427dfbae644a22f31;282a7c5433bb675f2dcb0e3998b8b42b	DNBSEQ-G400	PAIRED
SRR37092245	SAMN55001292	Rattus_L_SeMC_CM_2	feces	27580773	8274231900	ftp.sra.ebi.ac.uk/vol1/fastq/SRR370/045/SRR37092245/SRR37092245_1.fastq.gz;ftp.sra.ebi.ac.uk/vol1/fastq/SRR370/045/SRR37092245/SRR37092245_2.fastq.gz	3169182410;3229129709	b904b11e3b61b3affb2b567ff0974427;c8b23ab2f7705eb7dbcd239e031ec404	DNBSEQ-G400	PAIRED
SRR37092225	SAMN55001319	Rattus_L_SeMC_T4F_2	feces	26359391	7907817300	ftp.sra.ebi.ac.uk/vol1/fastq/SRR370/025/SRR37092225/SRR37092225_1.fastq.gz;ftp.sra.ebi.ac.uk/vol1/fastq/SRR370/025/SRR37092225/SRR37092225_2.fastq.gz	3069141396;3122463605	0eaaea467ff86be279857c98d9cb68ac;efea368d0e3a7a0186443db62d048382	DNBSEQ-G400	PAIRED
SRR37092227	SAMN55001317	Rattus_L_SeMC_T4M_3	feces	25201777	7560533100	ftp.sra.ebi.ac.uk/vol1/fastq/SRR370/027/SRR37092227/SRR37092227_1.fastq.gz;ftp.sra.ebi.ac.uk/vol1/fastq/SRR370/027/SRR37092227/SRR37092227_2.fastq.gz	2937290137;3168270523	16a4248449d85ee448424276379d79b7;25912fc900163eb15e350334bd16a006	DNBSEQ-G400	PAIRED
SRR37092236	SAMN55001309	Rattus_L_SeMC_T3M_1	feces	31219109	9365732700	ftp.sra.ebi.ac.uk/vol1/fastq/SRR370/036/SRR37092236/SRR37092236_1.fastq.gz;ftp.sra.ebi.ac.uk/vol1/fastq/SRR370/036/SRR37092236/SRR37092236_2.fastq.gz	3393971304;3593887066	d13ce5807557425ac4602f172ecce57e;ba764c6cf98094dc2fa1f6e9fa15590a	DNBSEQ-G400	PAIRED
SRR37092237	SAMN55001308	Rattus_L_SeMC_T2F_3	feces	22495754	6748726200	ftp.sra.ebi.ac.uk/vol1/fastq/SRR370/037/SRR37092237/SRR37092237_1.fastq.gz;ftp.sra.ebi.ac.uk/vol1/fastq/SRR370/037/SRR37092237/SRR37092237_2.fastq.gz	2456393442;2609581726	e4f96fa8518088e9771ba32761587869;1af3b09509b1bfd151070c26127d3985	DNBSEQ-G400	PAIRED
SRR37092242	SAMN55001303	Rattus_L_SeMC_T2M_1	feces	30488428	9146528400	ftp.sra.ebi.ac.uk/vol1/fastq/SRR370/042/SRR37092242/SRR37092242_1.fastq.gz;ftp.sra.ebi.ac.uk/vol1/fastq/SRR370/042/SRR37092242/SRR37092242_2.fastq.gz	3326992185;3541568242	b8cd5c8a7dfed9f2e723d5ea84904123;c57d4a707db1a8a0ced52e98109cdb03	DNBSEQ-G400	PAIRED
SRR37092246	SAMN55001291	Rattus_L_SeMC_CM_1	feces	26163473	7849041900	ftp.sra.ebi.ac.uk/vol1/fastq/SRR370/046/SRR37092246/SRR37092246_1.fastq.gz;ftp.sra.ebi.ac.uk/vol1/fastq/SRR370/046/SRR37092246/SRR37092246_2.fastq.gz	3052027598;3126974657	c49edb5d14acf311569fd66ee097bd72;b42aa70f6c2ab0e33f48c281b3bea8c8	DNBSEQ-G400	PAIRED
SRR37092226	SAMN55001318	Rattus_L_SeMC_T4F_1	feces	24735709	7420712700	ftp.sra.ebi.ac.uk/vol1/fastq/SRR370/026/SRR37092226/SRR37092226_1.fastq.gz;ftp.sra.ebi.ac.uk/vol1/fastq/SRR370/026/SRR37092226/SRR37092226_2.fastq.gz	2882251538;2942427359	f4cee31b35638790600a279dc185d89f;12b838ab8981582ce10f26acc5fb10e8	DNBSEQ-G400	PAIRED
SRR37092228	SAMN55001316	Rattus_L_SeMC_T4M_2	feces	31729778	9518933400	ftp.sra.ebi.ac.uk/vol1/fastq/SRR370/028/SRR37092228/SRR37092228_1.fastq.gz;ftp.sra.ebi.ac.uk/vol1/fastq/SRR370/028/SRR37092228/SRR37092228_2.fastq.gz	3695678224;3771444992	1b79f5ba334d8c56b1ec88b23c5fe19b;13bf782ca41a34c4a556a441c4eec03d	DNBSEQ-G400	PAIRED
SRR37092232	SAMN55001312	Rattus_L_SeMC_T3F_1	feces	26894097	8068229100	ftp.sra.ebi.ac.uk/vol1/fastq/SRR370/032/SRR37092232/SRR37092232_1.fastq.gz;ftp.sra.ebi.ac.uk/vol1/fastq/SRR370/032/SRR37092232/SRR37092232_2.fastq.gz	2931866973;3109764618	b3c39ba12fd9a6cf2e58804897395d57;a4221cc3fea25f545e7ec09ee85eaeeb	DNBSEQ-G400	PAIRED
SRR37092238	SAMN55001307	Rattus_L_SeMC_T2F_2	feces	24464572	7339371600	ftp.sra.ebi.ac.uk/vol1/fastq/SRR370/038/SRR37092238/SRR37092238_1.fastq.gz;ftp.sra.ebi.ac.uk/vol1/fastq/SRR370/038/SRR37092238/SRR37092238_2.fastq.gz	2665732990;2818144476	6d5762db514801b1b86ab28f6288fe70;ad9e6b8ac06f8598549aaaac50550186	DNBSEQ-G400	PAIRED
SRR37092239	SAMN55001306	Rattus_L_SeMC_T2F_1	feces	25866770	7760031000	ftp.sra.ebi.ac.uk/vol1/fastq/SRR370/039/SRR37092239/SRR37092239_1.fastq.gz;ftp.sra.ebi.ac.uk/vol1/fastq/SRR370/039/SRR37092239/SRR37092239_2.fastq.gz	2830026061;2973526098	b514f852d9afaa42c7e210fc31767f39;ebd228e54d984de729f23c2877527630	DNBSEQ-G400	PAIRED
SRR37092241	SAMN55001304	Rattus_L_SeMC_T2M_2	feces	26897500	8069250000	ftp.sra.ebi.ac.uk/vol1/fastq/SRR370/041/SRR37092241/SRR37092241_1.fastq.gz;ftp.sra.ebi.ac.uk/vol1/fastq/SRR370/041/SRR37092241/SRR37092241_2.fastq.gz	2940039447;3087536978	7c55eebf78e08801325c9ae61caadfdc;50f1a09166506c92d04d16c62fcf8276	DNBSEQ-G400	PAIRED
SRR37092244	SAMN55001301	Rattus_L_SeMC_T1F_2	feces	26675165	8002549500	ftp.sra.ebi.ac.uk/vol1/fastq/SRR370/044/SRR37092244/SRR37092244_1.fastq.gz;ftp.sra.ebi.ac.uk/vol1/fastq/SRR370/044/SRR37092244/SRR37092244_2.fastq.gz	3111113290;3201332714	32acd39d225b97fa5bf991e0d87b6ddc;e723ce21b87ef0210541a063e9c4480f	DNBSEQ-G400	PAIRED
SRR37092220	SAMN55001297	Rattus_L_SeMC_T1M_1	feces	26354509	7906352700	ftp.sra.ebi.ac.uk/vol1/fastq/SRR370/020/SRR37092220/SRR37092220_1.fastq.gz;ftp.sra.ebi.ac.uk/vol1/fastq/SRR370/020/SRR37092220/SRR37092220_2.fastq.gz	3042823943;3103893261	64cf07ab8bde0fc1512d01c99e618f4a;6f53e61e756ed04a0cd48f8cbae331d0	DNBSEQ-G400	PAIRED
SRR37092222	SAMN55001295	Rattus_L_SeMC_CF_2	feces	25865108	7759532400	ftp.sra.ebi.ac.uk/vol1/fastq/SRR370/022/SRR37092222/SRR37092222_1.fastq.gz;ftp.sra.ebi.ac.uk/vol1/fastq/SRR370/022/SRR37092222/SRR37092222_2.fastq.gz	2997173678;3063659794	9409d2c396233cb7646df80f6dedb507;371e7dbbc17649961050d3f24ebfe28b	DNBSEQ-G400	PAIRED
SRR37092235	SAMN55001310	Rattus_L_SeMC_T3M_2	feces	28792352	8637705600	ftp.sra.ebi.ac.uk/vol1/fastq/SRR370/035/SRR37092235/SRR37092235_1.fastq.gz;ftp.sra.ebi.ac.uk/vol1/fastq/SRR370/035/SRR37092235/SRR37092235_2.fastq.gz	3143488555;3312385554	d41583337351888cb5cdcd45a9505ab7;9ff18df66bcc3fe97275e0f3a46e8bbb	DNBSEQ-G400	PAIRED
SRR37092240	SAMN55001305	Rattus_L_SeMC_T2M_3	feces	30957123	9287136900	ftp.sra.ebi.ac.uk/vol1/fastq/SRR370/040/SRR37092240/SRR37092240_1.fastq.gz;ftp.sra.ebi.ac.uk/vol1/fastq/SRR370/040/SRR37092240/SRR37092240_2.fastq.gz	3377652786;3575646555	b9623148d791523f55e7b4f1783a7809;fad65f142f74a7d1a1307e106032cb14	DNBSEQ-G400	PAIRED
SRR37092217	SAMN55001300	Rattus_L_SeMC_T1F_1	feces	33809543	10142862900	ftp.sra.ebi.ac.uk/vol1/fastq/SRR370/017/SRR37092217/SRR37092217_1.fastq.gz;ftp.sra.ebi.ac.uk/vol1/fastq/SRR370/017/SRR37092217/SRR37092217_2.fastq.gz	3922264813;4026168682	92556a49d6b221a746a2da0473be1877;b52734d56ca62a4c68b45fdd02c4f5b8	DNBSEQ-G400	PAIRED
SRR37092218	SAMN55001299	Rattus_L_SeMC_T1M_3	feces	25242612	7572783600	ftp.sra.ebi.ac.uk/vol1/fastq/SRR370/018/SRR37092218/SRR37092218_1.fastq.gz;ftp.sra.ebi.ac.uk/vol1/fastq/SRR370/018/SRR37092218/SRR37092218_2.fastq.gz	2897102911;3138805145	b348da87c294cb4085e4930b75532280;8833ee55b7882c2403e669ed8e2c305e	DNBSEQ-G400	PAIRED
SRR37092219	SAMN55001298	Rattus_L_SeMC_T1M_2	feces	25130546	7539163800	ftp.sra.ebi.ac.uk/vol1/fastq/SRR370/019/SRR37092219/SRR37092219_1.fastq.gz;ftp.sra.ebi.ac.uk/vol1/fastq/SRR370/019/SRR37092219/SRR37092219_2.fastq.gz	2926379383;2966572569	fa301cda5f00efdcab81cb3f4acac83b;7186e3d82d8bf2440e36e58781bb40b9	DNBSEQ-G400	PAIRED
SRR37092223	SAMN55001294	Rattus_L_SeMC_CF_1	feces	20995898	6298769400	ftp.sra.ebi.ac.uk/vol1/fastq/SRR370/023/SRR37092223/SRR37092223_1.fastq.gz;ftp.sra.ebi.ac.uk/vol1/fastq/SRR370/023/SRR37092223/SRR37092223_2.fastq.gz	2459896247;2509620742	afc2c3d250eb1eff8fb1acf2b32c75f7;92f6930de64ef6d2fef22f657cabfb00	DNBSEQ-G400	PAIRED
SRR37092230	SAMN55001314	Rattus_L_SeMC_T3F_3	feces	25979459	7793837700	ftp.sra.ebi.ac.uk/vol1/fastq/SRR370/030/SRR37092230/SRR37092230_1.fastq.gz;ftp.sra.ebi.ac.uk/vol1/fastq/SRR370/030/SRR37092230/SRR37092230_2.fastq.gz	2834944297;3013233824	d750b433fab76035218c7ab7bf2938b1;dca8c9adc15d0592eb2abeaf1f8d6fed	DNBSEQ-G400	PAIRED
SRR37092231	SAMN55001313	Rattus_L_SeMC_T3F_2	feces	26819079	8045723700	ftp.sra.ebi.ac.uk/vol1/fastq/SRR370/031/SRR37092231/SRR37092231_1.fastq.gz;ftp.sra.ebi.ac.uk/vol1/fastq/SRR370/031/SRR37092231/SRR37092231_2.fastq.gz	2938681466;3110471395	46176a694bb5c06dae0dbc00a60e8060;9f18d6e791e38c17ef9f6bd7014ed35c	DNBSEQ-G400	PAIRED
SRR37092233	SAMN55001311	Rattus_L_SeMC_T3M_3	feces	28305887	8491766100	ftp.sra.ebi.ac.uk/vol1/fastq/SRR370/033/SRR37092233/SRR37092233_1.fastq.gz;ftp.sra.ebi.ac.uk/vol1/fastq/SRR370/033/SRR37092233/SRR37092233_2.fastq.gz	3105540071;3302352088	46d74aeebeb98727ad326acf1ba24fed;a6988ad60cb205512b7d2b7f44438281	DNBSEQ-G400	PAIRED
SRR37092234	SAMN55001293	Rattus_L_SeMC_CM_3	feces	31102913	9330873900	ftp.sra.ebi.ac.uk/vol1/fastq/SRR370/034/SRR37092234/SRR37092234_1.fastq.gz;ftp.sra.ebi.ac.uk/vol1/fastq/SRR370/034/SRR37092234/SRR37092234_2.fastq.gz	3607434961;3730705610	3d27873adb53e7e31d17b08f8544dc0d;03663044f9cd27e2dc40dcd2da224719	DNBSEQ-G400	PAIRED
SRR37092243	SAMN55001302	Rattus_L_SeMC_T1F_3	feces	25858426	7757527800	ftp.sra.ebi.ac.uk/vol1/fastq/SRR370/043/SRR37092243/SRR37092243_1.fastq.gz;ftp.sra.ebi.ac.uk/vol1/fastq/SRR370/043/SRR37092243/SRR37092243_2.fastq.gz	3024690644;3100548919	ad56e30422ecd1f2df8cb657034ce5bf;7907d0a5e7be378967a572f9d9595c33	DNBSEQ-G400	PAIRED
