run_id	sample_id	biosample	sex	group	dose_mg_kg	dose_ordinal	replicate	animal_id	read_count	base_count	instrument	layout	fastq_ftp	fastq_md5	fastq_bytes
SRR37092223	Rattus_L_SeMC_CF_1	SAMN55001294	female	C	0	0	1	CF1	20995898	6298769400	DNBSEQ-G400	PAIRED	ftp.sra.ebi.ac.uk/vol1/fastq/SRR370/023/SRR37092223/SRR37092223_1.fastq.gz;ftp.sra.ebi.ac.uk/vol1/fastq/SRR370/023/SRR37092223/SRR37092223_2.fastq.gz	afc2c3d250eb1eff8fb1acf2b32c75f7;92f6930de64ef6d2fef22f657cabfb00	2459896247;2509620742
SRR37092222	Rattus_L_SeMC_CF_2	SAMN55001295	female	C	0	0	2	CF2	25865108	7759532400	DNBSEQ-G400	PAIRED	ftp.sra.ebi.ac.uk/vol1/fastq/SRR370/022/SRR37092222/SRR37092222_1.fastq.gz;ftp.sra.ebi.ac.uk/vol1/fastq/SRR370/022/SRR37092222/SRR37092222_2.fastq.gz	9409d2c396233cb7646df80f6dedb507;371e7dbbc17649961050d3f24ebfe28b	2997173678;3063659794
SRR37092221	Rattus_L_SeMC_CF_3	SAMN55001296	female	C	0	0	3	CF3	19428365	5828509500	DNBSEQ-G400	PAIRED	ftp.sra.ebi.ac.uk/vol1/fastq/SRR370/021/SRR37092221/SRR37092221_1.fastq.gz;ftp.sra.ebi.ac.uk/vol1/fastq/SRR370/021/SRR37092221/SRR37092221_2.fastq.gz	3dc8335bc3e1748610a3a6a824161e2d;af36d69451cedcfdd59733c0ea762cd8	2263057976;2297162862
SRR37092246	Rattus_L_SeMC_CM_1	SAMN55001291	male	C	0	0	1	CM1	26163473	7849041900	DNBSEQ-G400	PAIRED	ftp.sra.ebi.ac.uk/vol1/fastq/SRR370/046/SRR37092246/SRR37092246_1.fastq.gz;ftp.sra.ebi.ac.uk/vol1/fastq/SRR370/046/SRR37092246/SRR37092246_2.fastq.gz	c49edb5d14acf311569fd66ee097bd72;b42aa70f6c2ab0e33f48c281b3bea8c8	3052027598;3126974657
SRR37092245	Rattus_L_SeMC_CM_2	SAMN55001292	male	C	0	0	2	CM2	27580773	8274231900	DNBSEQ-G400	PAIRED	ftp.sra.ebi.ac.uk/vol1/fastq/SRR370/045/SRR37092245/SRR37092245_1.fastq.gz;ftp.sra.ebi.ac.uk/vol1/fastq/SRR370/045/SRR37092245/SRR37092245_2.fastq.gz	b904b11e3b61b3affb2b567ff0974427;c8b23ab2f7705eb7dbcd239e031ec404	3169182410;3229129709
SRR37092234	Rattus_L_SeMC_CM_3	SAMN55001293	male	C	0	0	3	CM3	31102913	9330873900	DNBSEQ-G400	PAIRED	ftp.sra.ebi.ac.uk/vol1/fastq/SRR370/034/SRR37092234/SRR37092234_1.fastq.gz;ftp.sra.ebi.ac.uk/vol1/fastq/SRR370/034/SRR37092234/SRR37092234_2.fastq.gz	3d27873adb53e7e31d17b08f8544dc0d;03663044f9cd27e2dc40dcd2da224719	3607434961;3730705610
SRR37092217	Rattus_L_SeMC_T1F_1	SAMN55001300	female	T1	0.25	1	1	T1F1	33809543	10142862900	DNBSEQ-G400	PAIRED	ftp.sra.ebi.ac.uk/vol1/fastq/SRR370/017/SRR37092217/SRR37092217_1.fastq.gz;ftp.sra.ebi.ac.uk/vol1/fastq/SRR370/017/SRR37092217/SRR37092217_2.fastq.gz	92556a49d6b221a746a2da0473be1877;b52734d56ca62a4c68b45fdd02c4f5b8	3922264813;4026168682
SRR37092244	Rattus_L_SeMC_T1F_2	SAMN55001301	female	T1	0.25	1	2	T1F2	26675165	8002549500	DNBSEQ-G400	PAIRED	ftp.sra.ebi.ac.uk/vol1/fastq/SRR370/044/SRR37092244/SRR37092244_1.fastq.gz;ftp.sra.ebi.ac.uk/vol1/fastq/SRR370/044/SRR37092244/SRR37092244_2.fastq.gz	32acd39d225b97fa5bf991e0d87b6ddc;e723ce21b87ef0210541a063e9c4480f	3111113290;3201332714
SRR37092243	Rattus_L_SeMC_T1F_3	SAMN55001302	female	T1	0.25	1	3	T1F3	25858426	7757527800	DNBSEQ-G400	PAIRED	ftp.sra.ebi.ac.uk/vol1/fastq/SRR370/043/SRR37092243/SRR37092243_1.fastq.gz;ftp.sra.ebi.ac.uk/vol1/fastq/SRR370/043/SRR37092243/SRR37092243_2.fastq.gz	ad56e30422ecd1f2df8cb657034ce5bf;7907d0a5e7be378967a572f9d9595c33	3024690644;3100548919
SRR37092220	Rattus_L_SeMC_T1M_1	SAMN55001297	male	T1	0.25	1	1	T1M1	26354509	7906352700	DNBSEQ-G400	PAIRED	ftp.sra.ebi.ac.uk/vol1/fastq/SRR370/020/SRR37092220/SRR37092220_1.fastq.gz;ftp.sra.ebi.ac.uk/vol1/fastq/SRR370/020/SRR37092220/SRR37092220_2.fastq.gz	64cf07ab8bde0fc1512d01c99e618f4a;6f53e61e756ed04a0cd48f8cbae331d0	3042823943;3103893261
SRR37092219	Rattus_L_SeMC_T1M_2	SAMN55001298	male	T1	0.25	1	2	T1M2	25130546	7539163800	DNBSEQ-G400	PAIRED	ftp.sra.ebi.ac.uk/vol1/fastq/SRR370/019/SRR37092219/SRR37092219_1.fastq.gz;ftp.sra.ebi.ac.uk/vol1/fastq/SRR370/019/SRR37092219/SRR37092219_2.fastq.gz	fa301cda5f00efdcab81cb3f4acac83b;7186e3d82d8bf2440e36e58781bb40b9	2926379383;2966572569
SRR37092218	Rattus_L_SeMC_T1M_3	SAMN55001299	male	T1	0.25	1	3	T1M3	25242612	7572783600	DNBSEQ-G400	PAIRED	ftp.sra.ebi.ac.uk/vol1/fastq/SRR370/018/SRR37092218/SRR37092218_1.fastq.gz;ftp.sra.ebi.ac.uk/vol1/fastq/SRR370/018/SRR37092218/SRR37092218_2.fastq.gz	b348da87c294cb4085e4930b75532280;8833ee55b7882c2403e669ed8e2c305e	2897102911;3138805145
SRR37092239	Rattus_L_SeMC_T2F_1	SAMN55001306	female	T2	0.75	2	1	T2F1	25866770	7760031000	DNBSEQ-G400	PAIRED	ftp.sra.ebi.ac.uk/vol1/fastq/SRR370/039/SRR37092239/SRR37092239_1.fastq.gz;ftp.sra.ebi.ac.uk/vol1/fastq/SRR370/039/SRR37092239/SRR37092239_2.fastq.gz	b514f852d9afaa42c7e210fc31767f39;ebd228e54d984de729f23c2877527630	2830026061;2973526098
SRR37092238	Rattus_L_SeMC_T2F_2	SAMN55001307	female	T2	0.75	2	2	T2F2	24464572	7339371600	DNBSEQ-G400	PAIRED	ftp.sra.ebi.ac.uk/vol1/fastq/SRR370/038/SRR37092238/SRR37092238_1.fastq.gz;ftp.sra.ebi.ac.uk/vol1/fastq/SRR370/038/SRR37092238/SRR37092238_2.fastq.gz	6d5762db514801b1b86ab28f6288fe70;ad9e6b8ac06f8598549aaaac50550186	2665732990;2818144476
SRR37092237	Rattus_L_SeMC_T2F_3	SAMN55001308	female	T2	0.75	2	3	T2F3	22495754	6748726200	DNBSEQ-G400	PAIRED	ftp.sra.ebi.ac.uk/vol1/fastq/SRR370/037/SRR37092237/SRR37092237_1.fastq.gz;ftp.sra.ebi.ac.uk/vol1/fastq/SRR370/037/SRR37092237/SRR37092237_2.fastq.gz	e4f96fa8518088e9771ba32761587869;1af3b09509b1bfd151070c26127d3985	2456393442;2609581726
SRR37092242	Rattus_L_SeMC_T2M_1	SAMN55001303	male	T2	0.75	2	1	T2M1	30488428	9146528400	DNBSEQ-G400	PAIRED	ftp.sra.ebi.ac.uk/vol1/fastq/SRR370/042/SRR37092242/SRR37092242_1.fastq.gz;ftp.sra.ebi.ac.uk/vol1/fastq/SRR370/042/SRR37092242/SRR37092242_2.fastq.gz	b8cd5c8a7dfed9f2e723d5ea84904123;c57d4a707db1a8a0ced52e98109cdb03	3326992185;3541568242
SRR37092241	Rattus_L_SeMC_T2M_2	SAMN55001304	male	T2	0.75	2	2	T2M2	26897500	8069250000	DNBSEQ-G400	PAIRED	ftp.sra.ebi.ac.uk/vol1/fastq/SRR370/041/SRR37092241/SRR37092241_1.fastq.gz;ftp.sra.ebi.ac.uk/vol1/fastq/SRR370/041/SRR37092241/SRR37092241_2.fastq.gz	7c55eebf78e08801325c9ae61caadfdc;50f1a09166506c92d04d16c62fcf8276	2940039447;3087536978
SRR37092240	Rattus_L_SeMC_T2M_3	SAMN55001305	male	T2	0.75	2	3	T2M3	30957123	9287136900	DNBSEQ-G400	PAIRED	ftp.sra.ebi.ac.uk/vol1/fastq/SRR370/040/SRR37092240/SRR37092240_1.fastq.gz;ftp.sra.ebi.ac.uk/vol1/fastq/SRR370/040/SRR37092240/SRR37092240_2.fastq.gz	b9623148d791523f55e7b4f1783a7809;fad65f142f74a7d1a1307e106032cb14	3377652786;3575646555
SRR37092232	Rattus_L_SeMC_T3F_1	SAMN55001312	female	T3	1.50	3	1	T3F1	26894097	8068229100	DNBSEQ-G400	PAIRED	ftp.sra.ebi.ac.uk/vol1/fastq/SRR370/032/SRR37092232/SRR37092232_1.fastq.gz;ftp.sra.ebi.ac.uk/vol1/fastq/SRR370/032/SRR37092232/SRR37092232_2.fastq.gz	b3c39ba12fd9a6cf2e58804897395d57;a4221cc3fea25f545e7ec09ee85eaeeb	2931866973;3109764618
SRR37092231	Rattus_L_SeMC_T3F_2	SAMN55001313	female	T3	1.50	3	2	T3F2	26819079	8045723700	DNBSEQ-G400	PAIRED	ftp.sra.ebi.ac.uk/vol1/fastq/SRR370/031/SRR37092231/SRR37092231_1.fastq.gz;ftp.sra.ebi.ac.uk/vol1/fastq/SRR370/031/SRR37092231/SRR37092231_2.fastq.gz	46176a694bb5c06dae0dbc00a60e8060;9f18d6e791e38c17ef9f6bd7014ed35c	2938681466;3110471395
SRR37092230	Rattus_L_SeMC_T3F_3	SAMN55001314	female	T3	1.50	3	3	T3F3	25979459	7793837700	DNBSEQ-G400	PAIRED	ftp.sra.ebi.ac.uk/vol1/fastq/SRR370/030/SRR37092230/SRR37092230_1.fastq.gz;ftp.sra.ebi.ac.uk/vol1/fastq/SRR370/030/SRR37092230/SRR37092230_2.fastq.gz	d750b433fab76035218c7ab7bf2938b1;dca8c9adc15d0592eb2abeaf1f8d6fed	2834944297;3013233824
SRR37092236	Rattus_L_SeMC_T3M_1	SAMN55001309	male	T3	1.50	3	1	T3M1	31219109	9365732700	DNBSEQ-G400	PAIRED	ftp.sra.ebi.ac.uk/vol1/fastq/SRR370/036/SRR37092236/SRR37092236_1.fastq.gz;ftp.sra.ebi.ac.uk/vol1/fastq/SRR370/036/SRR37092236/SRR37092236_2.fastq.gz	d13ce5807557425ac4602f172ecce57e;ba764c6cf98094dc2fa1f6e9fa15590a	3393971304;3593887066
SRR37092235	Rattus_L_SeMC_T3M_2	SAMN55001310	male	T3	1.50	3	2	T3M2	28792352	8637705600	DNBSEQ-G400	PAIRED	ftp.sra.ebi.ac.uk/vol1/fastq/SRR370/035/SRR37092235/SRR37092235_1.fastq.gz;ftp.sra.ebi.ac.uk/vol1/fastq/SRR370/035/SRR37092235/SRR37092235_2.fastq.gz	d41583337351888cb5cdcd45a9505ab7;9ff18df66bcc3fe97275e0f3a46e8bbb	3143488555;3312385554
SRR37092233	Rattus_L_SeMC_T3M_3	SAMN55001311	male	T3	1.50	3	3	T3M3	28305887	8491766100	DNBSEQ-G400	PAIRED	ftp.sra.ebi.ac.uk/vol1/fastq/SRR370/033/SRR37092233/SRR37092233_1.fastq.gz;ftp.sra.ebi.ac.uk/vol1/fastq/SRR370/033/SRR37092233/SRR37092233_2.fastq.gz	46d74aeebeb98727ad326acf1ba24fed;a6988ad60cb205512b7d2b7f44438281	3105540071;3302352088
SRR37092226	Rattus_L_SeMC_T4F_1	SAMN55001318	female	T4	2.25	4	1	T4F1	24735709	7420712700	DNBSEQ-G400	PAIRED	ftp.sra.ebi.ac.uk/vol1/fastq/SRR370/026/SRR37092226/SRR37092226_1.fastq.gz;ftp.sra.ebi.ac.uk/vol1/fastq/SRR370/026/SRR37092226/SRR37092226_2.fastq.gz	f4cee31b35638790600a279dc185d89f;12b838ab8981582ce10f26acc5fb10e8	2882251538;2942427359
SRR37092225	Rattus_L_SeMC_T4F_2	SAMN55001319	female	T4	2.25	4	2	T4F2	26359391	7907817300	DNBSEQ-G400	PAIRED	ftp.sra.ebi.ac.uk/vol1/fastq/SRR370/025/SRR37092225/SRR37092225_1.fastq.gz;ftp.sra.ebi.ac.uk/vol1/fastq/SRR370/025/SRR37092225/SRR37092225_2.fastq.gz	0eaaea467ff86be279857c98d9cb68ac;efea368d0e3a7a0186443db62d048382	3069141396;3122463605
SRR37092224	Rattus_L_SeMC_T4F_3	SAMN55001320	female	T4	2.25	4	3	T4F3	28581489	8574446700	DNBSEQ-G400	PAIRED	ftp.sra.ebi.ac.uk/vol1/fastq/SRR370/024/SRR37092224/SRR37092224_1.fastq.gz;ftp.sra.ebi.ac.uk/vol1/fastq/SRR370/024/SRR37092224/SRR37092224_2.fastq.gz	0b47930576db18dc0b542bec595368e2;689216f9e8cde43f5dcc8108f551ed19	3320179437;3388684064
SRR37092229	Rattus_L_SeMC_T4M_1	SAMN55001315	male	T4	2.25	4	1	T4M1	24755119	7426535700	DNBSEQ-G400	PAIRED	ftp.sra.ebi.ac.uk/vol1/fastq/SRR370/029/SRR37092229/SRR37092229_1.fastq.gz;ftp.sra.ebi.ac.uk/vol1/fastq/SRR370/029/SRR37092229/SRR37092229_2.fastq.gz	cb0e5c0e4f3c499427dfbae644a22f31;282a7c5433bb675f2dcb0e3998b8b42b	2884982134;2959787345
SRR37092228	Rattus_L_SeMC_T4M_2	SAMN55001316	male	T4	2.25	4	2	T4M2	31729778	9518933400	DNBSEQ-G400	PAIRED	ftp.sra.ebi.ac.uk/vol1/fastq/SRR370/028/SRR37092228/SRR37092228_1.fastq.gz;ftp.sra.ebi.ac.uk/vol1/fastq/SRR370/028/SRR37092228/SRR37092228_2.fastq.gz	1b79f5ba334d8c56b1ec88b23c5fe19b;13bf782ca41a34c4a556a441c4eec03d	3695678224;3771444992
SRR37092227	Rattus_L_SeMC_T4M_3	SAMN55001317	male	T4	2.25	4	3	T4M3	25201777	7560533100	DNBSEQ-G400	PAIRED	ftp.sra.ebi.ac.uk/vol1/fastq/SRR370/027/SRR37092227/SRR37092227_1.fastq.gz;ftp.sra.ebi.ac.uk/vol1/fastq/SRR370/027/SRR37092227/SRR37092227_2.fastq.gz	16a4248449d85ee448424276379d79b7;25912fc900163eb15e350334bd16a006	2937290137;3168270523
